Engineering Executive|RENAULT.OEM.AYM,Engineering Manager|RENAULT.OEM.AYM,Product Engineer|RENAULT.OEM.AYM,Engineering Executive|RENAULT.OEM.BJA,Engineering Manager|RENAULT.OEM.BJA,Product Engineer|RENAULT.OEM.BJA,Engineering Executive|RENAULT.OEM.CAA,Engineering Manager|RENAULT.OEM.CAA,Product Engineer|RENAULT.OEM.CAA,Engineering Executive|RENAULT.OEM.CFAA,Engineering Manager|RENAULT.OEM.CFAA,Product Engineer|RENAULT.OEM.CFAA,Engineering Executive|RENAULT.OEM.CQADNT,Engineering Manager|RENAULT.OEM.CQADNT,Product Engineer|RENAULT.OEM.CQADNT,Engineering Executive|RENAULT.OEM.DFAS,Engineering Manager|RENAULT.OEM.DFAS,Product Engineer|RENAULT.OEM.DFAS,Engineering Executive|RENAULT.OEM.FAA,Engineering Manager|RENAULT.OEM.FAA,Product Engineer|RENAULT.OEM.FAA,Engineering Executive|RENAULT.OEM.FFAA,Engineering Manager|RENAULT.OEM.FFAA,Product Engineer|RENAULT.OEM.FFAA,Engineering Executive|RENAULT.OEM.GAAS,Engineering Manager|RENAULT.OEM.GAAS,Product Engineer|RENAULT.OEM.GAAS,Engineering Executive|RENAULT.OEM.Internal,Engineering Manager|RENAULT.OEM.Internal,Product Engineer|RENAULT.OEM.Internal,Engineering Executive|RENAULT.OEM.JARC,Engineering Manager|RENAULT.OEM.JARC,Product Engineer|RENAULT.OEM.JARC,Engineering Executive|RENAULT.OEM.SJA,Engineering Manager|RENAULT.OEM.SJA,Product Engineer|RENAULT.OEM.SJA,Engineering Executive|RENAULT.OEM.YFAM,Engineering Manager|RENAULT.OEM.YFAM,Product Engineer|RENAULT.OEM.YFAM,Engineering Executive|RENAULT.OEM.YFAS,Engineering Manager|RENAULT.OEM.YFAS,Product Engineer|RENAULT.OEM.YFAS,Engineering Executive|RENAULT.OEM.YFASGE,Engineering Manager|RENAULT.OEM.YFASGE,Product Engineer|RENAULT.OEM.YFASGE,Engineering Executive|RENAULT.OEM.YHAS,Engineering Manager|RENAULT.OEM.YHAS,Product Engineer|RENAULT.OEM.YHAS,Engineering Executive|Raw Materials.Engineering.Aircraft,Engineering Manager|Raw Materials.Engineering.Aircraft,Product Engineer|Raw Materials.Engineering.Aircraft,Flatfile Migration|Raw Materials.Engineering.Aircraft,Engineering Executive|Raw Materials.Engineering.AIRCRAFT,Engineering Manager|Raw Materials.Engineering.AIRCRAFT,Product Engineer|Raw Materials.Engineering.AIRCRAFT,Engineering Executive|Raw Materials.Engineering.AYM,Engineering Manager|Raw Materials.Engineering.AYM,Product Engineer|Raw Materials.Engineering.AYM,Flatfile Migration|Raw Materials.Engineering.AYM,Classification Admin|Raw Materials.Engineering.AYM,Engineering Executive|Raw Materials.Engineering.Aircraft,Engineering Manager|Raw Materials.Engineering.Aircraft,Product Engineer|Raw Materials.Engineering.Aircraft,Flatfile Migration|Raw Materials.Engineering.Aircraft,Engineering Executive|Raw Materials.Engineering.AIRCRAFT,Engineering Manager|Raw Materials.Engineering.AIRCRAFT,Product Engineer|Raw Materials.Engineering.AIRCRAFT,Engineering Executive|Raw Materials.Engineering.BJA,Engineering Manager|Raw Materials.Engineering.BJA,Product Engineer|Raw Materials.Engineering.BJA,Flatfile Migration|Raw Materials.Engineering.BJA,Classification Admin|Raw Materials.Engineering.BJA,Engineering Executive|Raw Materials.Engineering.CAA,Engineering Manager|Raw Materials.Engineering.CAA,Product Engineer|Raw Materials.Engineering.CAA,Flatfile Migration|Raw Materials.Engineering.CAA,Classification Admin|Raw Materials.Engineering.CAA,Engineering Executive|Raw Materials.Engineering.CFAA,Engineering Manager|Raw Materials.Engineering.CFAA,Product Engineer|Raw Materials.Engineering.CFAA,Flatfile Migration|Raw Materials.Engineering.CFAA,Classification Admin|Raw Materials.Engineering.CFAA,Engineering Executive|Raw Materials.Engineering.CQADNT,Engineering Manager|Raw Materials.Engineering.CQADNT,Product Engineer|Raw Materials.Engineering.CQADNT,Flatfile Migration|Raw Materials.Engineering.CQADNT,Classification Admin|Raw Materials.Engineering.CQADNT,Engineering Executive|Raw Materials.Engineering.DFAS,Engineering Manager|Raw Materials.Engineering.DFAS,Product Engineer|Raw Materials.Engineering.DFAS,Flatfile Migration|Raw Materials.Engineering.DFAS,Classification Admin|Raw Materials.Engineering.DFAS,Engineering Executive|Raw Materials.Engineering.FAA,Engineering Manager|Raw Materials.Engineering.FAA,Product Engineer|Raw Materials.Engineering.FAA,Flatfile Migration|Raw Materials.Engineering.FAA,Classification Admin|Raw Materials.Engineering.FAA,Engineering Executive|Raw Materials.Engineering.FFAA,Engineering Manager|Raw Materials.Engineering.FFAA,Product Engineer|Raw Materials.Engineering.FFAA,Flatfile Migration|Raw Materials.Engineering.FFAA,Engineering Executive|Raw Materials.Engineering.GAAS,Engineering Manager|Raw Materials.Engineering.GAAS,Product Engineer|Raw Materials.Engineering.GAAS,Flatfile Migration|Raw Materials.Engineering.GAAS,Classification Admin|Raw Materials.Engineering.GAAS,Engineering Executive|Raw Materials.Engineering.Internal,Engineering Manager|Raw Materials.Engineering.Internal,Product Engineer|Raw Materials.Engineering.Internal,Flatfile Migration|Raw Materials.Engineering.Internal,Classification Admin|Raw Materials.Engineering.Internal,Engineering Executive|Raw Materials.Engineering.JARC,Engineering Manager|Raw Materials.Engineering.JARC,Product Engineer|Raw Materials.Engineering.JARC,Flatfile Migration|Raw Materials.Engineering.JARC,Classification Admin|Raw Materials.Engineering.JARC,Engineering Executive|Raw Materials.Engineering.SJA,Engineering Manager|Raw Materials.Engineering.SJA,Product Engineer|Raw Materials.Engineering.SJA,Flatfile Migration|Raw Materials.Engineering.SJA,Classification Admin|Raw Materials.Engineering.SJA,Engineering Executive|Raw Materials.Engineering.YFAM,Engineering Manager|Raw Materials.Engineering.YFAM,Product Engineer|Raw Materials.Engineering.YFAM,Flatfile Migration|Raw Materials.Engineering.YFAM,Classification Admin|Raw Materials.Engineering.YFAM,Engineering Executive|Raw Materials.Engineering.YFAS,Engineering Manager|Raw Materials.Engineering.YFAS,Product Engineer|Raw Materials.Engineering.YFAS,Flatfile Migration|Raw Materials.Engineering.YFAS,Classification Admin|Raw Materials.Engineering.YFAS,Engineering Executive|Raw Materials.Engineering.YFASGE,Engineering Manager|Raw Materials.Engineering.YFASGE,Product Engineer|Raw Materials.Engineering.YFASGE,Flatfile Migration|Raw Materials.Engineering.YFASGE,Classification Admin|Raw Materials.Engineering.YFASGE,Engineering Executive|Raw Materials.Engineering.YHAS,Engineering Manager|Raw Materials.Engineering.YHAS,Product Engineer|Raw Materials.Engineering.YHAS,Flatfile Migration|Raw Materials.Engineering.YHAS,Classification Admin|Raw Materials.Engineering.YHAS,Read Only|Read Only.AYM,Read Only|Read Only.Aircraft,Read Only|Read Only.BJA,Read Only|Read Only.CAA,Read Only|Read Only.CFAA,Read Only|Read Only.CQADNT,Read Only|Read Only.DFAS,Read Only|Read Only.FAA,Read Only|Read Only.FFAA,Read Only|Read Only.GAAS,Read Only|Read Only.Internal,Read Only|Read Only.JARC,Read Only|Read Only.SJA,Read Only|Read Only.YFAM,Read Only|Read Only.YFAS,Read Only|Read Only.YFASGE,Read Only|Read Only.YHAS,Engineering Executive|SAIC.OEM.AYM,Engineering Manager|SAIC.OEM.AYM,Product Engineer|SAIC.OEM.AYM,Engineering Executive|SAIC.OEM.BJA,Engineering Manager|SAIC.OEM.BJA,Product Engineer|SAIC.OEM.BJA,Engineering Executive|SAIC.OEM.CAA,Engineering Manager|SAIC.OEM.CAA,Product Engineer|SAIC.OEM.CAA,Engineering Executive|SAIC.OEM.CFAA,Engineering Manager|SAIC.OEM.CFAA,Product Engineer|SAIC.OEM.CFAA,Engineering Executive|SAIC.OEM.CQADNT,Engineering Manager|SAIC.OEM.CQADNT,Product Engineer|SAIC.OEM.CQADNT,Engineering Executive|SAIC.OEM.DFAS,Engineering Manager|SAIC.OEM.DFAS,Product Engineer|SAIC.OEM.DFAS,Engineering Executive|SAIC.OEM.FAA,Engineering Manager|SAIC.OEM.FAA,Product Engineer|SAIC.OEM.FAA,Engineering Executive|SAIC.OEM.FFAA,Engineering Manager|SAIC.OEM.FFAA,Product Engineer|SAIC.OEM.FFAA,Engineering Executive|SAIC.OEM.GAAS,Engineering Manager|SAIC.OEM.GAAS,Product Engineer|SAIC.OEM.GAAS,Engineering Executive|SAIC.OEM.Internal,Engineering Manager|SAIC.OEM.Internal,Product Engineer|SAIC.OEM.Internal,Engineering Executive|SAIC.OEM.JARC,Engineering Manager|SAIC.OEM.JARC,Product Engineer|SAIC.OEM.JARC,Engineering Executive|SAIC.OEM.SJA,Engineering Manager|SAIC.OEM.SJA,Product Engineer|SAIC.OEM.SJA,Engineering Executive|SAIC.OEM.YFAM,Engineering Manager|SAIC.OEM.YFAM,Product Engineer|SAIC.OEM.YFAM,Engineering Executive|SAIC.OEM.YFAS,Engineering Manager|SAIC.OEM.YFAS,Product Engineer|SAIC.OEM.YFAS,Engineering Executive|SAIC.OEM.YFASGE,Engineering Manager|SAIC.OEM.YFASGE,Product Engineer|SAIC.OEM.YFASGE,Engineering Executive|SAIC.OEM.YHAS,Engineering Manager|SAIC.OEM.YHAS,Product Engineer|SAIC.OEM.YHAS,Sales Executive|Sales.Aircraft,Sales Manager|Sales.Aircraft,Sales Executive|Sales.AIRCRAFT,Sales Manager|Sales.AIRCRAFT,Sales Executive|Sales.AYM,Sales Manager|Sales.AYM,Sales Executive|Sales.Aircraft,Sales Manager|Sales.Aircraft,Sales Executive|Sales.AIRCRAFT,Sales Manager|Sales.AIRCRAFT,Sales Executive|Sales.BJA,Sales Manager|Sales.BJA,Sales Executive|Sales.CAA,Sales Manager|Sales.CAA,Sales Executive|Sales.CFAA,Sales Manager|Sales.CFAA,Sales Executive|Sales.CQADNT,Sales Manager|Sales.CQADNT,Sales Executive|Sales.DFAS,Sales Manager|Sales.DFAS,Sales Executive|Sales.FAA,Sales Manager|Sales.FAA,Sales Executive|Sales.FFAA,Sales Manager|Sales.FFAA,Sales Executive|Sales.GAAS,Sales Manager|Sales.GAAS,Sales Executive|Sales.Internal,Sales Manager|Sales.Internal,Sales Executive|Sales.JARC,Sales Manager|Sales.JARC,Sales Executive|Sales.SJA,Sales Manager|Sales.SJA,Sales Executive|Sales.YFAM,Sales Manager|Sales.YFAM,Sales Executive|Sales.YFAS,Sales Manager|Sales.YFAS,Sales Executive|Sales.YFASGE,Sales Manager|Sales.YFASGE,Sales Executive|Sales.YHAS,Sales Manager|Sales.YHAS,Simulation Administrator|Simulation Administration,Sponsorer|Sponsor,Engineering Executive|Standard Parts.Engineering.AIRCRAFT,Engineering Manager|Standard Parts.Engineering.AIRCRAFT,Flatfile Migration|Standard Parts.Engineering.AIRCRAFT,Product Configurator Engineer|Standard Parts.Engineering.AIRCRAFT,Product Configurator Specialist|Standard Parts.Engineering.AIRCRAFT,Product Engineer|Standard Parts.Engineering.AIRCRAFT,Engineering Executive|Standard Parts.Engineering.Aircraft,Engineering Manager|Standard Parts.Engineering.Aircraft,Product Engineer|Standard Parts.Engineering.Aircraft,Flatfile Migration|Standard Parts.Engineering.Aircraft,Product Configurator Engineer|Standard Parts.Engineering.Aircraft,Product Configurator Specialist|Standard Parts.Engineering.Aircraft,Engineering Executive|Standard Parts.Engineering.AYM,Engineering Manager|Standard Parts.Engineering.AYM,Product Engineer|Standard Parts.Engineering.AYM,Flatfile Migration|Standard Parts.Engineering.AYM,Classification Admin|Standard Parts.Engineering.AYM,Product Configurator Engineer|Standard Parts.Engineering.AYM,Product Configurator Specialist|Standard Parts.Engineering.AYM,Engineering Executive|Standard Parts.Engineering.AIRCRAFT,Engineering Manager|Standard Parts.Engineering.AIRCRAFT,Flatfile Migration|Standard Parts.Engineering.AIRCRAFT,Product Configurator Engineer|Standard Parts.Engineering.AIRCRAFT,Product Configurator Specialist|Standard Parts.Engineering.AIRCRAFT,Product Engineer|Standard Parts.Engineering.AIRCRAFT,Engineering Executive|Standard Parts.Engineering.Aircraft,Engineering Manager|Standard Parts.Engineering.Aircraft,Product Engineer|Standard Parts.Engineering.Aircraft,Flatfile Migration|Standard Parts.Engineering.Aircraft,Product Configurator Engineer|Standard Parts.Engineering.Aircraft,Product Configurator Specialist|Standard Parts.Engineering.Aircraft,Engineering Executive|Standard Parts.Engineering.BJA,Engineering Manager|Standard Parts.Engineering.BJA,Product Engineer|Standard Parts.Engineering.BJA,Flatfile Migration|Standard Parts.Engineering.BJA,Classification Admin|Standard Parts.Engineering.BJA,Product Configurator Engineer|Standard Parts.Engineering.BJA,Product Configurator Specialist|Standard Parts.Engineering.BJA,Engineering Executive|Standard Parts.Engineering.CAA,Engineering Manager|Standard Parts.Engineering.CAA,Product Engineer|Standard Parts.Engineering.CAA,Flatfile Migration|Standard Parts.Engineering.CAA,Product Configurator Engineer|Standard Parts.Engineering.CAA,Product Configurator Specialist|Standard Parts.Engineering.CAA,Classification Admin|Standard Parts.Engineering.CAA,Engineering Executive|Standard Parts.Engineering.CFAA,Engineering Manager|Standard Parts.Engineering.CFAA,Product Engineer|Standard Parts.Engineering.CFAA,Flatfile Migration|Standard Parts.Engineering.CFAA,Product Configurator Engineer|Standard Parts.Engineering.CFAA,Product Configurator Specialist|Standard Parts.Engineering.CFAA,Classification Admin|Standard Parts.Engineering.CFAA,Engineering Executive|Standard Parts.Engineering.CQADNT,Engineering Manager|Standard Parts.Engineering.CQADNT,Product Engineer|Standard Parts.Engineering.CQADNT,Flatfile Migration|Standard Parts.Engineering.CQADNT,Product Configurator Engineer|Standard Parts.Engineering.CQADNT,Product Configurator Specialist|Standard Parts.Engineering.CQADNT,Classification Admin|Standard Parts.Engineering.CQADNT,Engineering Executive|Standard Parts.Engineering.DFAS,Engineering Manager|Standard Parts.Engineering.DFAS,Product Engineer|Standard Parts.Engineering.DFAS,Flatfile Migration|Standard Parts.Engineering.DFAS,Product Configurator Engineer|Standard Parts.Engineering.DFAS,Product Configurator Specialist|Standard Parts.Engineering.DFAS,Classification Admin|Standard Parts.Engineering.DFAS,Engineering Executive|Standard Parts.Engineering.FAA,Engineering Manager|Standard Parts.Engineering.FAA,Product Engineer|Standard Parts.Engineering.FAA,Flatfile Migration|Standard Parts.Engineering.FAA,Product Configurator Engineer|Standard Parts.Engineering.FAA,Product Configurator Specialist|Standard Parts.Engineering.FAA,Classification Admin|Standard Parts.Engineering.FAA,Engineering Executive|Standard Parts.Engineering.FFAA,Engineering Manager|Standard Parts.Engineering.FFAA,Product Engineer|Standard Parts.Engineering.FFAA,Flatfile Migration|Standard Parts.Engineering.FFAA,Product Configurator Engineer|Standard Parts.Engineering.FFAA,Product Configurator Specialist|Standard Parts.Engineering.FFAA,Engineering Executive|Standard Parts.Engineering.GAAS,Engineering Manager|Standard Parts.Engineering.GAAS,Product Engineer|Standard Parts.Engineering.GAAS,Flatfile Migration|Standard Parts.Engineering.GAAS,Classification Admin|Standard Parts.Engineering.GAAS,Product Configurator Engineer|Standard Parts.Engineering.GAAS,Product Configurator Specialist|Standard Parts.Engineering.GAAS,Engineering Executive|Standard Parts.Engineering.Internal,Engineering Manager|Standard Parts.Engineering.Internal,Product Engineer|Standard Parts.Engineering.Internal,Flatfile Migration|Standard Parts.Engineering.Internal,Product Configurator Engineer|Standard Parts.Engineering.Internal,Product Configurator Specialist|Standard Parts.Engineering.Internal,Classification Admin|Standard Parts.Engineering.Internal,Engineering Executive|Standard Parts.Engineering.JARC,Engineering Manager|Standard Parts.Engineering.JARC,Product Engineer|Standard Parts.Engineering.JARC,Flatfile Migration|Standard Parts.Engineering.JARC,Product Configurator Engineer|Standard Parts.Engineering.JARC,Product Configurator Specialist|Standard Parts.Engineering.JARC,Classification Admin|Standard Parts.Engineering.JARC,Engineering Executive|Standard Parts.Engineering.SJA,Engineering Manager|Standard Parts.Engineering.SJA,Product Engineer|Standard Parts.Engineering.SJA,Flatfile Migration|Standard Parts.Engineering.SJA,Classification Admin|Standard Parts.Engineering.SJA,Product Configurator Engineer|Standard Parts.Engineering.SJA,Product Configurator Specialist|Standard Parts.Engineering.SJA,Engineering Executive|Standard Parts.Engineering.YFAM,Engineering Manager|Standard Parts.Engineering.YFAM,Product Engineer|Standard Parts.Engineering.YFAM,Flatfile Migration|Standard Parts.Engineering.YFAM,Classification Admin|Standard Parts.Engineering.YFAM,Product Configurator Engineer|Standard Parts.Engineering.YFAM,Product Configurator Specialist|Standard Parts.Engineering.YFAM,Engineering Executive|Standard Parts.Engineering.YFAS,Engineering Manager|Standard Parts.Engineering.YFAS,Product Engineer|Standard Parts.Engineering.YFAS,Flatfile Migration|Standard Parts.Engineering.YFAS,Product Configurator Engineer|Standard Parts.Engineering.YFAS,Product Configurator Specialist|Standard Parts.Engineering.YFAS,Classification Admin|Standard Parts.Engineering.YFAS,Engineering Executive|Standard Parts.Engineering.YFASGE,Engineering Manager|Standard Parts.Engineering.YFASGE,Product Engineer|Standard Parts.Engineering.YFASGE,Flatfile Migration|Standard Parts.Engineering.YFASGE,Product Configurator Engineer|Standard Parts.Engineering.YFASGE,Product Configurator Specialist|Standard Parts.Engineering.YFASGE,Classification Admin|Standard Parts.Engineering.YFASGE,Engineering Executive|Standard Parts.Engineering.YHAS,Engineering Manager|Standard Parts.Engineering.YHAS,Product Engineer|Standard Parts.Engineering.YHAS,Flatfile Migration|Standard Parts.Engineering.YHAS,Product Configurator Engineer|Standard Parts.Engineering.YHAS,Product Configurator Specialist|Standard Parts.Engineering.YHAS,Classification Admin|Standard Parts.Engineering.YHAS,Packaging Engineer|Supply Change Management.Internal,Packaging Engineer|Supply.Change.Management.Internal,Engineering Executive|TATA.OEM.AYM,Engineering Manager|TATA.OEM.AYM,Product Engineer|TATA.OEM.AYM,Engineering Executive|TATA.OEM.BJA,Engineering Manager|TATA.OEM.BJA,Product Engineer|TATA.OEM.BJA,Engineering Executive|TATA.OEM.CAA,Engineering Manager|TATA.OEM.CAA,Product Engineer|TATA.OEM.CAA,Engineering Executive|TATA.OEM.CFAA,Product Engineer|TATA.OEM.CFAA,Engineering Manager|TATA.OEM.CFAA,Engineering Executive|TATA.OEM.CQADNT,Engineering Manager|TATA.OEM.CQADNT,Product Engineer|TATA.OEM.CQADNT,Engineering Executive|TATA.OEM.DFAS,Engineering Manager|TATA.OEM.DFAS,Product Engineer|TATA.OEM.DFAS,Engineering Executive|TATA.OEM.FAA,Engineering Manager|TATA.OEM.FAA,Product Engineer|TATA.OEM.FAA,Engineering Executive|TATA.OEM.FFAA,Engineering Manager|TATA.OEM.FFAA,Product Engineer|TATA.OEM.FFAA,Engineering Executive|TATA.OEM.GAAS,Engineering Manager|TATA.OEM.GAAS,Product Engineer|TATA.OEM.GAAS,Engineering Executive|TATA.OEM.Internal,Engineering Manager|TATA.OEM.Internal,Product Engineer|TATA.OEM.Internal,Engineering Executive|TATA.OEM.JARC,Engineering Manager|TATA.OEM.JARC,Product Engineer|TATA.OEM.JARC,Engineering Executive|TATA.OEM.SJA,Engineering Manager|TATA.OEM.SJA,Product Engineer|TATA.OEM.SJA,Engineering Executive|TATA.OEM.YFAM,Engineering Manager|TATA.OEM.YFAM,Product Engineer|TATA.OEM.YFAM,Engineering Executive|TATA.OEM.YFAS,Engineering Manager|TATA.OEM.YFAS,Product Engineer|TATA.OEM.YFAS,Engineering Executive|TATA.OEM.YFASGE,Engineering Manager|TATA.OEM.YFASGE,Product Engineer|TATA.OEM.YFASGE,Engineering Executive|TATA.OEM.YHAS,Engineering Manager|TATA.OEM.YHAS,Product Engineer|TATA.OEM.YHAS,Engineering Executive|TESLA.OEM.AYM,Engineering Manager|TESLA.OEM.AYM,Product Engineer|TESLA.OEM.AYM,Engineering Executive|TESLA.OEM.BJA,Engineering Manager|TESLA.OEM.BJA,Product Engineer|TESLA.OEM.BJA,Engineering Executive|TESLA.OEM.CAA,Engineering Manager|TESLA.OEM.CAA,Product Engineer|TESLA.OEM.CAA,Engineering Executive|TESLA.OEM.CFAA,Engineering Manager|TESLA.OEM.CFAA,Product Engineer|TESLA.OEM.CFAA,Engineering Executive|TESLA.OEM.CQADNT,Engineering Manager|TESLA.OEM.CQADNT,Product Engineer|TESLA.OEM.CQADNT,Engineering Executive|TESLA.OEM.DFAS,Engineering Manager|TESLA.OEM.DFAS,Product Engineer|TESLA.OEM.DFAS,Engineering Executive|TESLA.OEM.FAA,Engineering Manager|TESLA.OEM.FAA,Product Engineer|TESLA.OEM.FAA,Engineering Executive|TESLA.OEM.FFAA,Engineering Manager|TESLA.OEM.FFAA,Product Engineer|TESLA.OEM.FFAA,Engineering Executive|TESLA.OEM.GAAS,Engineering Manager|TESLA.OEM.GAAS,Product Engineer|TESLA.OEM.GAAS,Engineering Executive|TESLA.OEM.Internal,Engineering Manager|TESLA.OEM.Internal,Product Engineer|TESLA.OEM.Internal,Engineering Executive|TESLA.OEM.JARC,Engineering Manager|TESLA.OEM.JARC,Product Engineer|TESLA.OEM.JARC,Engineering Executive|TESLA.OEM.SJA,Engineering Manager|TESLA.OEM.SJA,Product Engineer|TESLA.OEM.SJA,Engineering Executive|TESLA.OEM.YFAM,Engineering Manager|TESLA.OEM.YFAM,Product Engineer|TESLA.OEM.YFAM,Engineering Executive|TESLA.OEM.YFAS,Engineering Manager|TESLA.OEM.YFAS,Product Engineer|TESLA.OEM.YFAS,Engineering Executive|TESLA.OEM.YFASGE,Engineering Manager|TESLA.OEM.YFASGE,Product Engineer|TESLA.OEM.YFASGE,Engineering Executive|TESLA.OEM.YHAS,Engineering Manager|TESLA.OEM.YHAS,Product Engineer|TESLA.OEM.YHAS,Engineering Executive|TOYOTA.OEM.AYM,Engineering Manager|TOYOTA.OEM.AYM,Product Engineer|TOYOTA.OEM.AYM,Engineering Executive|TOYOTA.OEM.BJA,Engineering Manager|TOYOTA.OEM.BJA,Product Engineer|TOYOTA.OEM.BJA,Engineering Executive|TOYOTA.OEM.CAA,Engineering Manager|TOYOTA.OEM.CAA,Product Engineer|TOYOTA.OEM.CAA,Engineering Executive|TOYOTA.OEM.CFAA,Engineering Manager|TOYOTA.OEM.CFAA,Product Engineer|TOYOTA.OEM.CFAA,Engineering Executive|TOYOTA.OEM.CQADNT,Engineering Manager|TOYOTA.OEM.CQADNT,Product Engineer|TOYOTA.OEM.CQADNT,Engineering Executive|TOYOTA.OEM.DFAS,Engineering Manager|TOYOTA.OEM.DFAS,Product Engineer|TOYOTA.OEM.DFAS,Engineering Executive|TOYOTA.OEM.FAA,Engineering Manager|TOYOTA.OEM.FAA,Product Engineer|TOYOTA.OEM.FAA,Engineering Executive|TOYOTA.OEM.FFAA,Engineering Manager|TOYOTA.OEM.FFAA,Product Engineer|TOYOTA.OEM.FFAA,Engineering Executive|TOYOTA.OEM.GAAS,Engineering Manager|TOYOTA.OEM.GAAS,Product Engineer|TOYOTA.OEM.GAAS,Engineering Executive|TOYOTA.OEM.Internal,Engineering Manager|TOYOTA.OEM.Internal,Product Engineer|TOYOTA.OEM.Internal,Engineering Executive|TOYOTA.OEM.JARC,Engineering Manager|TOYOTA.OEM.JARC,Product Engineer|TOYOTA.OEM.JARC,Engineering Executive|TOYOTA.OEM.SJA,Engineering Manager|TOYOTA.OEM.SJA,Product Engineer|TOYOTA.OEM.SJA,Engineering Executive|TOYOTA.OEM.YFAM,Engineering Manager|TOYOTA.OEM.YFAM,Product Engineer|TOYOTA.OEM.YFAM,Engineering Executive|TOYOTA.OEM.YFAS,Engineering Manager|TOYOTA.OEM.YFAS,Product Engineer|TOYOTA.OEM.YFAS,Engineering Executive|TOYOTA.OEM.YFASGE,Engineering Manager|TOYOTA.OEM.YFASGE,Product Engineer|TOYOTA.OEM.YFASGE,Engineering Executive|TOYOTA.OEM.YHAS,Engineering Manager|TOYOTA.OEM.YHAS,Product Engineer|TOYOTA.OEM.YHAS,Engineering Executive|VOLVO.OEM.AYM,Engineering Manager|VOLVO.OEM.AYM,Product Engineer|VOLVO.OEM.AYM,Engineering Executive|VOLVO.OEM.BJA,Engineering Manager|VOLVO.OEM.BJA,Product Engineer|VOLVO.OEM.BJA,Engineering Executive|VOLVO.OEM.CAA,Engineering Manager|VOLVO.OEM.CAA,Product Engineer|VOLVO.OEM.CAA,Engineering Executive|VOLVO.OEM.CFAA,Engineering Manager|VOLVO.OEM.CFAA,Product Engineer|VOLVO.OEM.CFAA,Engineering Executive|VOLVO.OEM.CQADNT,Engineering Manager|VOLVO.OEM.CQADNT,Product Engineer|VOLVO.OEM.CQADNT,Engineering Executive|VOLVO.OEM.DFAS,Engineering Manager|VOLVO.OEM.DFAS,Product Engineer|VOLVO.OEM.DFAS,Engineering Executive|VOLVO.OEM.FAA,Engineering Manager|VOLVO.OEM.FAA,Product Engineer|VOLVO.OEM.FAA,Engineering Executive|VOLVO.OEM.FFAA,Engineering Manager|VOLVO.OEM.FFAA,Product Engineer|VOLVO.OEM.FFAA,Engineering Executive|VOLVO.OEM.GAAS,Engineering Manager|VOLVO.OEM.GAAS,Product Engineer|VOLVO.OEM.GAAS,Engineering Executive|VOLVO.OEM.Internal,Engineering Manager|VOLVO.OEM.Internal,Product Engineer|VOLVO.OEM.Internal,Engineering Executive|VOLVO.OEM.JARC,Engineering Manager|VOLVO.OEM.JARC,Product Engineer|VOLVO.OEM.JARC,Engineering Executive|VOLVO.OEM.SJA,Engineering Manager|VOLVO.OEM.SJA,Product Engineer|VOLVO.OEM.SJA,Engineering Executive|VOLVO.OEM.YFAM,Engineering Manager|VOLVO.OEM.YFAM,Product Engineer|VOLVO.OEM.YFAM,Engineering Executive|VOLVO.OEM.YFAS,Engineering Manager|VOLVO.OEM.YFAS,Product Engineer|VOLVO.OEM.YFAS,Engineering Executive|VOLVO.OEM.YFASGE,Engineering Manager|VOLVO.OEM.YFASGE,Product Engineer|VOLVO.OEM.YFASGE,Engineering Executive|VOLVO.OEM.YHAS,Engineering Manager|VOLVO.OEM.YHAS,Product Engineer|VOLVO.OEM.YHAS,Engineering Executive|VW.OEM.AYM,Engineering Manager|VW.OEM.AYM,Product Engineer|VW.OEM.AYM,Engineering Executive|VW.OEM.BJA,Engineering Manager|VW.OEM.BJA,Product Engineer|VW.OEM.BJA,Engineering Executive|VW.OEM.CAA,Engineering Manager|VW.OEM.CAA,Product Engineer|VW.OEM.CAA,Engineering Executive|VW.OEM.CFAA,Engineering Manager|VW.OEM.CFAA,Product Engineer|VW.OEM.CFAA,Engineering Executive|VW.OEM.CQADNT,Engineering Manager|VW.OEM.CQADNT,Product Engineer|VW.OEM.CQADNT,Engineering Executive|VW.OEM.DFAS,Engineering Manager|VW.OEM.DFAS,Product Engineer|VW.OEM.DFAS,Engineering Executive|VW.OEM.FAA,Engineering Manager|VW.OEM.FAA,Product Engineer|VW.OEM.FAA,Engineering Executive|VW.OEM.FFAA,Engineering Manager|VW.OEM.FFAA,Product Engineer|VW.OEM.FFAA,Engineering Executive|VW.OEM.GAAS,Engineering Manager|VW.OEM.GAAS,Product Engineer|VW.OEM.GAAS,Engineering Executive|VW.OEM.Internal,Engineering Manager|VW.OEM.Internal,Product Engineer|VW.OEM.Internal,Engineering Executive|VW.OEM.JARC,Engineering Manager|VW.OEM.JARC,Product Engineer|VW.OEM.JARC,Engineering Executive|VW.OEM.SJA,Engineering Manager|VW.OEM.SJA,Product Engineer|VW.OEM.SJA,Engineering Executive|VW.OEM.YFAM,Engineering Manager|VW.OEM.YFAM,Product Engineer|VW.OEM.YFAM,Engineering Executive|VW.OEM.YFAS,Engineering Manager|VW.OEM.YFAS,Product Engineer|VW.OEM.YFAS,Engineering Executive|VW.OEM.YFASGE,Engineering Manager|VW.OEM.YFASGE,Product Engineer|VW.OEM.YFASGE,Engineering Executive|VW.OEM.YHAS,Engineering Manager|VW.OEM.YHAS,Product Engineer|VW.OEM.YHAS,Validation Administrator|Validation Administration,Override Approver|Validation Administration,Engineering Executive|WEILAI.OEM.AYM,Engineering Manager|WEILAI.OEM.AYM,Product Engineer|WEILAI.OEM.AYM,Engineering Executive|WEILAI.OEM.BJA,Engineering Manager|WEILAI.OEM.BJA,Product Engineer|WEILAI.OEM.BJA,Engineering Executive|WEILAI.OEM.CAA,Engineering Manager|WEILAI.OEM.CAA,Product Engineer|WEILAI.OEM.CAA,Engineering Executive|WEILAI.OEM.CFAA,Engineering Manager|WEILAI.OEM.CFAA,Product Engineer|WEILAI.OEM.CFAA,Engineering Executive|WEILAI.OEM.CQADNT,Engineering Manager|WEILAI.OEM.CQADNT,Product Engineer|WEILAI.OEM.CQADNT,Engineering Executive|WEILAI.OEM.DFAS,Engineering Manager|WEILAI.OEM.DFAS,Product Engineer|WEILAI.OEM.DFAS,Engineering Executive|WEILAI.OEM.FAA,Engineering Manager|WEILAI.OEM.FAA,Product Engineer|WEILAI.OEM.FAA,Engineering Executive|WEILAI.OEM.GAAS,Engineering Manager|WEILAI.OEM.GAAS,Product Engineer|WEILAI.OEM.GAAS,Engineering Executive|WEILAI.OEM.Internal,Engineering Manager|WEILAI.OEM.Internal,Product Engineer|WEILAI.OEM.Internal,Engineering Executive|WEILAI.OEM.JARC,Engineering Manager|WEILAI.OEM.JARC,Product Engineer|WEILAI.OEM.JARC,Engineering Executive|WEILAI.OEM.SJA,Engineering Manager|WEILAI.OEM.SJA,Product Engineer|WEILAI.OEM.SJA,Engineering Executive|WEILAI.OEM.YFAM,Engineering Manager|WEILAI.OEM.YFAM,Product Engineer|WEILAI.OEM.YFAM,Engineering Executive|WEILAI.OEM.YFAS,Engineering Manager|WEILAI.OEM.YFAS,Product Engineer|WEILAI.OEM.YFAS,Engineering Executive|WEILAI.OEM.YFASGE,Engineering Manager|WEILAI.OEM.YFASGE,Product Engineer|WEILAI.OEM.YFASGE,Engineering Executive|WEILAI.OEM.YHAS,Engineering Manager|WEILAI.OEM.YHAS,Product Engineer|WEILAI.OEM.YHAS